City_ID,City,Country,Date,Lat,Lng,Max Temp,Humidity,Cloudiness,Wind Speed
0,Guerrero Negro,MX,2022-06-28 01:57:33,27.9769,-114.0611,76.5,66,53,9.19
1,Yellowknife,CA,2022-06-28 01:51:21,62.456,-114.3525,64.92,42,20,12.66
2,Deputatskiy,RU,2022-06-28 01:55:26,69.3,139.9,32.85,100,100,0.98
3,Mataura,NZ,2022-06-28 01:46:34,-46.1927,168.8643,42.48,77,14,3.24
4,Severo-Kurilsk,RU,2022-06-28 01:51:27,50.6789,156.125,46.72,96,100,13.62
5,Sitka,US,2022-06-28 01:57:34,57.0531,-135.33,66.02,71,1,6.31
6,Esperance,AU,2022-06-28 01:51:20,-33.8667,121.9,59.97,58,23,16.35
7,Mon,IN,2022-06-28 01:57:35,26.75,95.1,70.97,99,100,2.01
8,Kapaa,US,2022-06-28 01:54:08,22.0752,-159.319,80.11,75,77,5.99
9,Punta Arenas,CL,2022-06-28 01:57:36,-53.15,-70.9167,35.71,69,0,4.61
10,Vesoul,FR,2022-06-28 01:57:36,47.5833,5.8333,56.08,93,15,4.23
11,Bela,IN,2022-06-28 01:57:37,25.9333,81.9833,95.68,44,100,9.51
12,Nelson Bay,AU,2022-06-28 01:57:37,-32.7167,152.15,57.0,95,100,1.99
13,Rikitea,PF,2022-06-28 01:57:38,-23.1203,-134.9692,73.54,73,12,6.64
14,Nikolskoye,RU,2022-06-28 01:57:38,59.7035,30.7861,67.91,84,100,5.01
15,Marawi,PH,2022-06-28 01:57:38,7.9986,124.2928,79.52,69,97,3.47
16,Vila Velha,BR,2022-06-28 01:57:39,-20.3297,-40.2925,66.15,76,75,3.44
17,Ushuaia,AR,2022-06-28 01:46:25,-54.8,-68.3,44.26,49,40,11.5
18,Albany,US,2022-06-28 01:51:15,42.6001,-73.9662,67.17,66,3,1.99
19,Saint George,US,2022-06-28 01:57:40,37.1041,-113.5841,90.9,23,48,1.3
20,Rocha,UY,2022-06-28 01:47:27,-34.4833,-54.3333,49.75,89,100,3.76
21,Bubaque,GW,2022-06-28 01:53:57,11.2833,-15.8333,77.83,89,100,13.44
22,Faanui,PF,2022-06-28 01:56:34,-16.4833,-151.75,80.2,68,0,18.75
23,Atuona,PF,2022-06-28 01:57:41,-9.8,-139.0333,77.68,79,11,18.01
24,Lompoc,US,2022-06-28 01:57:41,34.6391,-120.4579,87.01,78,100,9.22
25,Garissa,KE,2022-06-28 01:57:42,-0.4536,39.6401,72.72,75,89,17.09
26,Sinazongwe,ZM,2022-06-28 01:57:42,-17.2614,27.4618,65.82,56,90,10.63
27,Waingapu,ID,2022-06-28 01:57:42,-9.6567,120.2641,83.01,64,92,12.24
28,Monrovia,LR,2022-06-28 01:56:34,6.3005,-10.7969,76.93,87,77,6.2
29,Pascagoula,US,2022-06-28 01:57:43,30.3658,-88.5561,82.09,88,94,4.74
30,Kasongo-Lunda,CD,2022-06-28 01:57:43,-6.4667,16.8167,66.09,51,11,2.1
31,Lorengau,PG,2022-06-28 01:57:44,-2.0226,147.2712,85.62,64,31,9.46
32,Christchurch,NZ,2022-06-28 01:55:05,-43.5333,172.6333,46.9,89,100,8.05
33,Perth,AU,2022-06-28 01:57:44,-31.9333,115.8333,58.33,77,0,8.05
34,Hammerfest,NO,2022-06-28 01:57:45,70.6634,23.6821,70.25,68,99,4.61
35,North Charleston,US,2022-06-28 01:53:44,32.8886,-80.0075,81.01,78,75,8.05
36,Grand Gaube,MU,2022-06-28 01:57:45,-20.0064,57.6608,70.2,73,77,1.99
37,Paulo Afonso,BR,2022-06-28 01:57:46,-9.4061,-38.2147,67.17,95,38,8.66
38,Victoria,HK,2022-06-28 01:54:27,22.2855,114.1577,91.96,77,98,5.99
39,Pimentel,PE,2022-06-28 01:57:46,-6.8367,-79.9342,62.19,89,6,12.71
40,Arlit,NE,2022-06-28 01:57:47,18.7369,7.3853,89.69,21,16,4.9
41,Kavali,IN,2022-06-28 01:57:47,14.9167,79.9833,84.47,60,100,7.45
42,Labuhan,ID,2022-06-28 01:51:26,-6.8844,112.2051,79.92,75,78,7.96
43,Kodiak,US,2022-06-28 01:55:20,57.79,-152.4072,56.59,79,98,3.51
44,Avarua,CK,2022-06-28 01:51:15,-21.2078,-159.775,80.65,78,75,21.85
45,Adrar,MR,2022-06-28 01:56:44,20.5022,-10.0711,87.3,14,3,13.06
46,Les Escoumins,CA,2022-06-28 01:57:48,48.1111,-69.0236,58.35,73,10,8.39
47,Bredasdorp,ZA,2022-06-28 01:52:39,-34.5322,20.0403,54.14,60,0,4.99
48,Krasnoyarskiy,RU,2022-06-28 01:57:49,51.965,59.8967,58.12,75,37,12.1
49,Belyy Yar,RU,2022-06-28 01:57:49,53.6039,91.3903,69.69,73,0,13.42
50,Khatanga,RU,2022-06-28 01:58:50,71.9667,102.5,52.05,42,7,5.61
51,Cape Town,ZA,2022-06-28 01:56:31,-33.9258,18.4232,58.1,65,0,10.36
52,Hermanus,ZA,2022-06-28 01:58:50,-34.4187,19.2345,59.88,60,0,8.03
53,Tasiilaq,GL,2022-06-28 01:58:51,65.6145,-37.6368,32.4,72,73,0.63
54,Castro,BR,2022-06-28 01:58:51,-24.7911,-50.0119,49.77,96,64,3.06
55,Hokitika,NZ,2022-06-28 01:58:52,-42.7167,170.9667,47.73,79,100,5.39
56,East London,ZA,2022-06-28 01:58:52,-33.0153,27.9116,56.77,45,0,6.64
57,Beckley,US,2022-06-28 01:54:34,37.7782,-81.1882,62.31,84,8,4.23
58,Saskylakh,RU,2022-06-28 01:51:25,71.9167,114.0833,46.18,53,85,7.65
59,Iqaluit,CA,2022-06-28 01:58:53,63.7506,-68.5145,40.73,80,75,5.75
60,Tazovskiy,RU,2022-06-28 01:58:53,67.4667,78.7,48.97,78,100,19.98
61,Steamboat Springs,US,2022-06-28 01:58:24,40.485,-106.8317,75.76,31,0,4.61
62,Thompson,CA,2022-06-28 01:49:16,55.7435,-97.8558,53.76,71,75,4.61
63,Upernavik,GL,2022-06-28 01:55:11,72.7868,-56.1549,37.27,86,1,5.44
64,Goderich,CA,2022-06-28 01:58:55,43.7501,-81.7165,58.91,82,6,7.96
65,Forio,IT,2022-06-28 01:58:55,40.7342,13.8646,85.51,57,59,4.5
66,Bengkulu,ID,2022-06-28 01:58:56,-3.8004,102.2655,81.28,73,90,2.46
67,Mandalgovi,MN,2022-06-28 01:58:56,45.7625,106.2708,71.19,39,51,4.72
68,Lasa,IT,2022-06-28 01:55:19,46.6166,10.7002,62.37,86,62,1.5
69,Lima,PE,2022-06-28 01:57:31,-12.0432,-77.0282,59.25,82,40,12.66
70,Qaanaaq,GL,2022-06-28 01:51:27,77.484,-69.3632,45.66,64,19,5.46
71,Lebu,CL,2022-06-28 01:55:51,-37.6167,-73.65,53.46,91,100,14.18
72,Sistranda,NO,2022-06-28 01:58:57,63.7256,8.834,55.36,98,100,4.47
73,Chokurdakh,RU,2022-06-28 01:52:35,70.6333,147.9167,51.96,44,100,5.5
74,Hilo,US,2022-06-28 01:51:23,19.7297,-155.09,84.27,65,0,10.36
75,San Patricio,US,2022-06-28 01:58:58,28.017,-97.5169,82.49,80,76,17.72
76,Luderitz,NA,2022-06-28 01:58:58,-26.6481,15.1594,70.05,38,0,23.58
77,Srednekolymsk,RU,2022-06-28 01:51:16,67.45,153.6833,64.67,38,100,6.24
78,Longyearbyen,SJ,2022-06-28 01:54:00,78.2186,15.6401,42.64,81,0,5.75
79,Mahebourg,MU,2022-06-28 01:52:06,-20.4081,57.7,70.09,68,40,14.97
80,Karratha,AU,2022-06-28 01:51:30,-20.7377,116.8463,71.02,30,0,20.33
81,Carnarvon,AU,2022-06-28 01:51:29,-24.8667,113.6333,68.38,39,0,15.55
82,Green River,US,2022-06-28 01:58:17,41.5286,-109.4662,83.19,15,0,7.0
83,Taltal,CL,2022-06-28 01:59:00,-25.4,-70.4833,59.22,64,58,4.99
84,Tagbacan,PH,2022-06-28 01:59:01,11.1534,125.5767,81.61,84,100,7.52
85,Tuktoyaktuk,CA,2022-06-28 01:59:01,69.4541,-133.0374,66.2,63,100,9.22
86,Sheopur,IN,2022-06-28 01:59:02,25.6667,76.7,91.33,55,53,13.33
87,Waddan,LY,2022-06-28 01:59:02,29.1614,16.139,82.87,23,0,8.46
88,Saint-Philippe,RE,2022-06-28 01:53:59,-21.3585,55.7679,63.99,70,77,15.39
89,Daan,CN,2022-06-28 01:59:03,33.0558,106.2958,83.93,47,6,3.2
90,Sao Filipe,CV,2022-06-28 01:59:03,14.8961,-24.4956,73.33,83,40,7.54
91,Barrow,US,2022-06-28 01:53:53,71.2906,-156.7887,44.83,89,100,2.28
92,Vaini,TO,2022-06-28 01:54:04,-21.2,-175.2,77.16,73,20,11.5
93,Muroto,JP,2022-06-28 01:59:04,33.2833,134.15,79.47,88,85,10.27
94,Hobart,AU,2022-06-28 01:51:26,-42.8794,147.3294,57.22,70,75,14.97
95,Mgachi,RU,2022-06-28 02:00:06,51.05,142.2667,59.9,75,89,3.58
96,Smithers,CA,2022-06-28 01:51:20,54.7804,-127.1743,86.32,28,75,3.44
97,Mar Del Plata,AR,2022-06-28 02:00:08,-38.0023,-57.5575,46.09,83,7,3.0
98,Bambous Virieux,MU,2022-06-28 02:00:08,-20.3428,57.7575,67.21,58,98,18.48
99,Peniche,PT,2022-06-28 01:59:02,39.3558,-9.3811,61.11,83,0,20.69
100,El Sauzal,MX,2022-06-28 02:00:10,31.9,-116.6833,70.41,80,25,6.06
101,Presidencia Roque Saenz Pena,AR,2022-06-28 02:00:12,-26.7852,-60.4388,61.14,94,100,5.32
102,Klyuchi,RU,2022-06-28 02:00:13,52.2667,79.1667,60.84,58,1,9.17
103,Nemuro,JP,2022-06-28 02:00:14,43.3236,145.575,57.67,93,100,5.06
104,Semnan,IR,2022-06-28 02:00:15,35.5729,53.3971,84.24,21,0,9.35
105,Mount Pleasant,US,2022-06-28 01:57:53,32.7941,-79.8626,81.09,79,0,6.91
106,Austin,US,2022-06-28 01:55:57,30.2672,-97.7431,75.81,93,100,10.8
107,Gat,IL,2022-06-28 02:00:18,31.61,34.7642,72.39,77,0,4.09
108,Kungurtug,RU,2022-06-28 02:00:19,50.5994,97.5228,83.07,25,33,1.74
109,Bluff,NZ,2022-06-28 01:46:36,-46.6,168.3333,42.8,65,0,5.77
110,Henties Bay,NA,2022-06-28 02:00:20,-22.116,14.2845,73.72,33,0,23.11
111,Beaufort,MY,2022-06-28 02:00:21,5.3473,115.7455,85.62,66,99,3.83
112,Havoysund,NO,2022-06-28 01:55:58,70.9963,24.6622,62.83,70,91,11.9
113,Honiara,SB,2022-06-28 02:00:22,-9.4333,159.95,79.27,89,98,4.94
114,Vardo,NO,2022-06-28 02:00:23,70.3705,31.1107,48.18,87,2,8.05
115,Padang,ID,2022-06-28 01:52:10,-0.9492,100.3543,75.25,87,100,3.13
116,Mount Isa,AU,2022-06-28 01:59:49,-20.7333,139.5,67.77,34,100,14.97
117,Linxia,CN,2022-06-28 02:00:24,35.6003,103.2064,71.33,41,20,4.54
118,Pori,FI,2022-06-28 02:00:25,61.4833,21.7833,62.67,88,0,1.14
119,Areia Branca,BR,2022-06-28 02:00:25,-4.9561,-37.1369,78.69,70,51,14.34
120,Kathu,TH,2022-06-28 02:00:26,7.9178,98.3332,84.02,99,52,6.62
121,Busselton,AU,2022-06-28 01:51:10,-33.65,115.3333,57.87,60,92,8.16
122,Meadville,US,2022-06-28 02:00:27,41.6414,-80.1515,60.57,82,9,5.12
123,Fort Nelson,CA,2022-06-28 02:00:09,58.8053,-122.7002,72.0,37,0,3.98
124,Alexandria,EG,2022-06-28 02:00:28,31.2156,29.9553,75.7,69,0,10.38
125,Arraial Do Cabo,BR,2022-06-28 02:00:28,-22.9661,-42.0278,67.24,68,20,14.38
126,Benguela,AO,2022-06-28 02:00:29,-12.5763,13.4055,68.79,73,7,1.88
127,Cerrito,CO,2022-06-28 02:00:30,6.8432,-72.694,51.66,94,58,5.12
128,Kavieng,PG,2022-06-28 02:00:31,-2.5744,150.7967,85.26,65,100,11.07
129,Naze,JP,2022-06-28 01:52:45,28.3667,129.4833,81.52,79,100,14.18
130,Avera,US,2022-06-28 01:56:33,33.194,-82.5271,80.11,90,100,9.1
131,Port Elizabeth,ZA,2022-06-28 01:57:34,-33.918,25.5701,44.89,93,0,3.44
132,Touros,BR,2022-06-28 01:58:27,-5.1989,-35.4608,74.21,89,11,14.74
133,Norman Wells,CA,2022-06-28 02:00:32,65.282,-126.8329,78.17,27,100,5.7
134,Puerto Ayora,EC,2022-06-28 02:00:33,-0.7393,-90.3518,68.56,97,65,1.99
135,Bethel,US,2022-06-28 01:48:37,41.3712,-73.414,70.65,93,100,3.76
136,Tucuman,AR,2022-06-28 02:00:16,-26.8241,-65.2226,52.39,76,100,4.25
137,Eureka,US,2022-06-28 02:00:34,40.8021,-124.1637,65.19,79,31,1.01
138,Auki,SB,2022-06-28 02:00:35,-8.7676,160.7034,79.95,85,98,1.25
139,Keti Bandar,PK,2022-06-28 02:00:35,24.1447,67.4497,84.51,82,9,3.65
140,Sibu,MY,2022-06-28 02:00:36,2.3,111.8167,82.49,84,43,1.5
141,Sept-Iles,CA,2022-06-28 01:57:03,50.2001,-66.3821,59.52,99,100,3.44
142,Cidreira,BR,2022-06-28 02:01:37,-30.1811,-50.2056,60.37,90,100,5.91
143,Bahia Honda,CU,2022-06-28 02:01:37,22.9036,-83.1592,77.68,82,98,2.98
144,Tommot,RU,2022-06-28 02:01:38,58.9564,126.2925,75.04,54,17,8.68
145,Poum,NC,2022-06-28 02:01:38,-20.2333,164.0167,75.65,75,100,9.28
146,Sakakah,SA,2022-06-28 02:01:39,29.9697,40.2064,80.82,22,0,6.55
147,Saint Anthony,US,2022-06-28 02:01:39,45.0205,-93.218,78.4,49,75,3.44
148,Palafrugell,ES,2022-06-28 02:01:40,41.9174,3.1631,72.43,47,95,8.01
149,Oranjemund,NA,2022-06-28 02:01:40,-28.55,16.4333,67.51,43,0,12.88
150,Husavik,IS,2022-06-28 02:01:41,66.0449,-17.3389,46.26,96,99,2.93
151,Georgetown,MY,2022-06-28 01:55:04,5.4112,100.3354,85.93,83,20,2.3
152,Airai,TL,2022-06-28 02:01:41,-8.9266,125.4092,67.48,62,86,5.91
153,Tiksi,RU,2022-06-28 02:01:42,71.6872,128.8694,36.23,73,100,6.31
154,Volsk,RU,2022-06-28 02:01:42,52.0333,47.3833,65.64,88,3,4.38
155,Codrington,AU,2022-06-28 01:52:05,-38.2667,141.9667,52.95,60,100,13.65
156,Ancud,CL,2022-06-28 02:01:43,-41.8697,-73.8203,49.23,88,100,25.52
157,Umm Kaddadah,SD,2022-06-28 02:01:44,13.6017,26.6876,86.49,43,100,8.12
158,Kasempa,ZM,2022-06-28 02:01:44,-13.4584,25.8338,53.78,81,19,10.83
159,Leshukonskoye,RU,2022-06-28 02:01:45,64.8989,45.7622,41.27,74,40,9.93
160,Banjar,ID,2022-06-28 02:01:45,-8.19,114.9675,81.23,61,95,6.26
161,Hasaki,JP,2022-06-28 02:01:46,35.7333,140.8333,93.29,72,100,7.78
162,Camacha,PT,2022-06-28 02:01:46,33.0833,-16.3333,62.02,68,20,12.66
163,Berlevag,NO,2022-06-28 02:01:46,70.8578,29.0864,60.8,51,75,10.36
164,Itarema,BR,2022-06-28 02:01:47,-2.9248,-39.9167,76.91,87,17,9.66
165,Kyra,RU,2022-06-28 02:01:47,49.5776,111.9753,78.91,44,0,2.39
166,Knysna,ZA,2022-06-28 01:56:53,-34.0363,23.0471,58.77,54,4,5.66
167,Valley City,US,2022-06-28 02:01:48,46.9233,-98.0032,73.92,56,0,0.0
168,Sambava,MG,2022-06-28 02:01:49,-14.2667,50.1667,69.1,80,94,13.89
169,Jamestown,US,2022-06-28 01:52:45,42.097,-79.2353,63.99,67,100,5.75
170,Koungou,YT,2022-06-28 02:01:49,-12.7336,45.2042,76.71,69,40,19.57
171,Gallup,US,2022-06-28 02:01:50,35.5281,-108.7426,75.96,48,20,5.75
172,Bud,US,2022-06-28 02:01:50,39.447,-86.1758,69.75,51,39,6.69
173,Puerto Del Rosario,ES,2022-06-28 02:01:51,28.5004,-13.8627,69.55,68,100,16.11
174,College,US,2022-06-28 01:57:36,64.8569,-147.8028,82.99,31,20,10.36
175,Makakilo City,US,2022-06-28 02:01:51,21.3469,-158.0858,81.68,62,100,17.43
176,Yulara,AU,2022-06-28 02:01:52,-25.2406,130.9889,58.8,36,100,14.61
177,Upper Arlington,US,2022-06-28 02:01:52,39.9945,-83.0624,69.46,48,0,5.75
178,Khorramshahr,IR,2022-06-28 02:01:53,30.4397,48.1664,88.02,21,0,14.27
179,Tuatapere,NZ,2022-06-28 01:56:47,-46.1333,167.6833,45.05,65,1,1.54
180,Geraldton,AU,2022-06-28 01:59:46,-28.7667,114.6,61.21,77,40,14.97
181,Deep River,CA,2022-06-28 02:00:06,46.1001,-77.4995,60.55,92,100,4.05
182,Matagami,CA,2022-06-28 02:01:54,49.7502,-77.6328,48.61,70,46,2.75
183,Ulaangom,MN,2022-06-28 02:01:54,49.9811,92.0667,86.97,22,6,2.53
184,Krasnovishersk,RU,2022-06-28 02:01:55,60.4078,57.082,40.42,82,99,8.28
185,Maragogi,BR,2022-06-28 01:59:57,-9.0122,-35.2225,75.22,82,10,11.7
186,Muli,MV,2022-06-28 02:01:55,2.9167,73.5667,82.36,74,100,10.07
187,Kununurra,AU,2022-06-28 01:54:03,-15.7667,128.7333,71.58,43,57,14.97
188,Lebyazhye,RU,2022-06-28 02:02:56,55.2689,66.4947,52.88,80,100,13.29
189,Talnakh,RU,2022-06-28 02:02:57,69.4865,88.3972,58.21,39,8,5.14
190,Dikson,RU,2022-06-28 02:02:57,73.5069,80.5464,31.59,87,100,17.74
191,Callaway,US,2022-06-28 01:58:13,30.153,-85.5699,82.9,81,20,4.0
192,Pisco,PE,2022-06-28 01:56:36,-13.7,-76.2167,64.02,82,24,5.75
193,Lodja,CD,2022-06-28 02:02:58,-3.4833,23.4333,69.76,50,74,3.04
194,Neiafu,TO,2022-06-28 02:02:58,-18.65,-173.9833,79.14,82,44,13.73
195,Pevek,RU,2022-06-28 01:55:25,69.7008,170.3133,39.31,70,99,5.1
196,Beringovskiy,RU,2022-06-28 02:02:59,63.05,179.3167,52.21,74,83,14.12
197,Todos Santos,MX,2022-06-28 01:58:09,23.45,-110.2167,79.66,82,75,2.51
198,Tura,IN,2022-06-28 01:55:20,25.5198,90.2201,73.92,98,100,5.84
199,Coruripe,BR,2022-06-28 02:03:00,-10.1256,-36.1756,73.56,87,96,13.56
200,Djenne,ML,2022-06-28 02:03:01,13.9061,-4.5533,88.95,36,100,2.13
201,Souillac,MU,2022-06-28 02:03:01,-20.5167,57.5167,70.18,64,40,14.97
202,Baherden,TM,2022-06-28 02:03:02,38.4362,57.4316,88.47,40,0,5.79
203,Beachwood,US,2022-06-28 02:03:03,41.4645,-81.5087,67.51,64,0,9.22
204,Lisakovsk,KZ,2022-06-28 02:03:04,52.5369,62.4936,60.3,66,20,12.28
205,Rondonopolis,BR,2022-06-28 02:03:01,-16.4708,-54.6356,67.8,43,0,2.15
206,Goundam,ML,2022-06-28 02:03:05,16.4145,-3.6708,92.28,32,8,4.09
207,Fortuna,US,2022-06-28 02:03:06,40.5982,-124.1573,64.92,80,40,1.99
208,Boo,SE,2022-06-28 02:03:06,59.3333,18.2833,68.59,82,40,6.91
209,Jati,PK,2022-06-28 02:03:07,24.3539,68.2671,85.33,77,18,10.02
210,Bodinayakkanur,IN,2022-06-28 02:03:08,10.0167,77.35,77.36,69,94,7.0
211,Kirakira,SB,2022-06-28 02:03:08,-10.4544,161.9205,79.86,81,100,8.21
212,Petrolina,BR,2022-06-28 02:01:22,-9.3986,-40.5008,69.19,79,4,22.28
213,Tambilil,PH,2022-06-28 02:03:09,5.9622,124.6697,85.77,66,67,3.94
214,Utete,TZ,2022-06-28 02:03:10,-7.986,38.758,64.51,82,11,2.77
215,Port Alfred,ZA,2022-06-28 02:03:10,-33.5906,26.891,58.68,55,0,8.57
216,Hithadhoo,MV,2022-06-28 01:54:06,-0.6,73.0833,83.16,71,98,6.82
217,Lagoa,PT,2022-06-28 01:53:54,39.05,-27.9833,64.08,80,10,9.28
218,Magalia,US,2022-06-28 02:03:11,39.8121,-121.5783,95.14,12,1,6.91
219,Brownwood,US,2022-06-28 02:03:12,31.7093,-98.9912,87.8,45,0,9.22
220,Kaitangata,NZ,2022-06-28 01:55:15,-46.2817,169.8464,45.46,76,36,4.52
221,La Rioja,ES,2022-06-28 02:03:12,42.25,-2.5,40.78,94,88,3.78
222,Minnedosa,CA,2022-06-28 02:03:14,50.2453,-99.8436,58.84,82,4,8.77
223,Tilichiki,RU,2022-06-28 02:03:15,60.4667,166.1,59.9,71,36,7.49
224,Ilulissat,GL,2022-06-28 02:03:16,69.2167,-51.1,44.62,81,20,0.0
225,Ippy,CF,2022-06-28 02:03:17,6.2679,21.2247,67.42,96,72,2.39
226,Raudeberg,NO,2022-06-28 02:03:17,61.9875,5.1352,56.07,92,100,10.4
227,Sisimiut,GL,2022-06-28 02:01:19,66.9395,-53.6735,40.01,93,60,1.3
228,Kavaratti,IN,2022-06-28 02:03:18,10.5669,72.642,81.41,80,100,20.67
229,Springbok,ZA,2022-06-28 02:03:19,-29.6643,17.8865,54.93,34,0,13.94
230,Pitimbu,BR,2022-06-28 02:03:20,-7.4706,-34.8086,72.19,85,90,16.84
231,Akyab,MM,2022-06-28 02:03:20,20.15,92.9,81.45,82,98,8.3
232,Quepos,CR,2022-06-28 02:03:21,9.4236,-84.1652,76.78,86,100,5.06
233,Sechura,PE,2022-06-28 02:04:21,-5.5569,-80.8222,63.68,81,4,13.71
234,Nioro,GM,2022-06-28 02:04:22,13.35,-15.75,80.17,81,100,8.39
235,Manbij,SY,2022-06-28 02:04:22,36.5281,37.9549,70.65,60,0,7.4
236,Chuy,UY,2022-06-28 02:04:23,-33.6971,-53.4616,51.64,89,100,4.29
237,Coihaique,CL,2022-06-28 02:04:23,-45.5752,-72.0662,39.81,93,0,3.44
238,Tambacounda,SN,2022-06-28 02:04:24,13.7539,-13.7586,84.0,64,98,9.46
239,Whitehorse,CA,2022-06-28 01:59:42,60.7161,-135.0538,75.09,50,75,4.61
240,Sobolevo,RU,2022-06-28 02:04:25,54.4299,31.8996,66.33,92,11,6.24
241,Saldanha,ZA,2022-06-28 02:04:25,-33.0117,17.9442,60.6,58,0,10.94
242,Pacific Grove,US,2022-06-28 02:01:22,36.6177,-121.9166,74.21,86,31,7.0
243,Bonga,ET,2022-06-28 02:04:26,7.2833,36.2333,57.07,97,100,1.32
244,Udachnyy,RU,2022-06-28 02:04:26,66.4167,112.4,50.45,53,91,12.88
245,Cabo San Lucas,MX,2022-06-28 02:01:32,22.8909,-109.9124,87.62,73,77,8.99
246,Longhua,CN,2022-06-28 02:04:27,23.6137,114.1919,89.11,60,100,4.16
247,San Francisco,US,2022-06-28 02:01:16,37.7749,-122.4194,84.31,73,20,25.32
248,Ribeira Grande,PT,2022-06-28 02:04:28,38.5167,-28.7,65.1,82,52,9.08
249,Sur,OM,2022-06-28 01:55:16,22.5667,59.5289,86.04,69,48,10.4
250,Borogontsy,RU,2022-06-28 02:04:29,62.6683,131.1683,71.46,67,52,9.44
251,Butaritari,KI,2022-06-28 02:04:29,3.0707,172.7902,81.66,79,77,11.48
252,Galle,LK,2022-06-28 02:04:30,6.0367,80.217,80.6,83,100,13.24
253,Pontianak,ID,2022-06-28 02:03:33,-0.0333,109.3333,84.18,79,20,5.75
254,Portland,US,2022-06-28 02:03:29,45.5234,-122.6762,91.33,27,20,17.27
255,Turukhansk,RU,2022-06-28 02:04:31,65.8167,87.9833,62.62,64,98,14.5
256,Bathsheba,BB,2022-06-28 02:04:31,13.2167,-59.5167,80.56,83,98,21.21
257,Coquimbo,CL,2022-06-28 02:02:59,-29.9533,-71.3436,55.13,76,0,5.75
258,Kloulklubed,PW,2022-06-28 02:04:32,7.0419,134.2556,77.5,77,100,11.68
259,Lata,PT,2022-06-28 02:04:32,40.1629,-8.3327,55.08,95,1,1.61
260,Hualmay,PE,2022-06-28 02:04:33,-11.0964,-77.6139,62.74,84,100,11.61
261,Port Hawkesbury,CA,2022-06-28 02:04:33,45.6169,-61.3485,67.8,94,99,8.99
262,Nouadhibou,MR,2022-06-28 02:04:33,20.931,-17.0347,68.16,81,9,22.73
263,Buchanan,LR,2022-06-28 02:04:34,5.8808,-10.0467,76.35,89,93,6.08
264,Castelo Do Piaui,BR,2022-06-28 02:04:34,-5.3222,-41.5525,80.51,46,100,3.51
265,Ocos,GT,2022-06-28 02:04:35,14.5094,-92.1933,77.18,73,2,2.86
266,Yumen,CN,2022-06-28 01:55:16,40.2833,97.2,88.16,14,9,5.26
267,Tarare,FR,2022-06-28 02:04:36,45.8976,4.4327,58.53,95,84,4.05
268,Port-Gentil,GA,2022-06-28 02:04:36,-0.7193,8.7815,72.25,88,100,13.98
269,Lesosibirsk,RU,2022-06-28 02:04:37,58.2358,92.4828,65.16,94,99,12.59
270,Kahului,US,2022-06-28 01:54:44,20.8947,-156.47,80.83,80,100,11.01
271,Fairfield,US,2022-06-28 02:03:14,41.2668,-73.3162,70.45,96,75,4.61
272,Orlik,RU,2022-06-28 01:55:17,52.5178,99.825,77.5,32,38,2.93
273,Sorland,NO,2022-06-28 02:04:37,67.667,12.6934,51.66,91,16,12.24
274,Kurilsk,RU,2022-06-28 02:04:38,45.2333,147.8833,53.62,86,20,9.31
275,Ostrovnoy,RU,2022-06-28 02:04:38,68.0531,39.5131,41.56,80,6,4.68
276,Praya,CV,2022-06-28 02:00:14,14.9215,-23.5087,72.36,87,37,11.23
277,Ondjiva,AO,2022-06-28 02:04:39,-17.0667,15.7333,49.53,57,0,7.52
278,Constitucion,CL,2022-06-28 02:03:32,-35.3333,-72.4167,53.15,87,70,15.39
279,Yaan,NG,2022-06-28 02:05:40,7.3833,8.5667,71.01,96,100,1.9
280,Diban,SY,2022-06-28 02:05:40,35.0365,40.5167,78.8,42,0,9.13
281,New Norfolk,AU,2022-06-28 02:05:41,-42.7826,147.0587,56.88,76,100,5.99
282,Moose Factory,CA,2022-06-28 02:05:41,51.2585,-80.6094,48.97,59,39,6.17
283,Oga,IT,2022-06-28 02:05:42,46.4631,10.347,58.8,84,64,2.84
284,Podgornaya,RU,2022-06-28 02:05:42,44.2031,43.4297,65.25,92,100,3.13
285,Nanortalik,GL,2022-06-28 02:05:43,60.1432,-45.2371,43.86,79,100,10.63
286,Terney,RU,2022-06-28 02:05:43,45.0503,136.6092,59.0,95,100,6.33
287,Noumea,NC,2022-06-28 02:02:34,-22.2763,166.4572,80.58,99,100,8.57
288,Plettenberg Bay,ZA,2022-06-28 02:05:44,-34.0527,23.3716,59.11,52,2,5.5
289,Nueve De Julio,AR,2022-06-28 02:05:44,-35.4444,-60.8831,48.58,74,100,6.08
290,Bonavista,CA,2022-06-28 02:05:45,48.6499,-53.1147,57.94,96,64,13.76
291,Morant Bay,JM,2022-06-28 02:05:26,17.8815,-76.4093,76.71,83,32,5.64
292,Kikwit,CD,2022-06-28 02:05:45,-5.041,18.8162,69.94,44,19,3.18
293,Rehoboth,NA,2022-06-28 02:05:46,-23.3167,17.0833,46.49,71,5,7.72
294,Bolotnoye,RU,2022-06-28 02:05:46,55.6717,84.3981,54.72,85,100,14.99
295,Aklavik,CA,2022-06-28 02:05:47,68.2191,-135.0107,72.93,41,99,9.08
296,Yichun,CN,2022-06-28 02:05:47,47.7,128.9,77.88,55,100,10.0
297,Shakiso,ET,2022-06-28 02:05:48,5.75,38.9167,56.17,91,100,0.31
298,Kuah,MY,2022-06-28 02:05:48,6.3265,99.8432,82.31,76,61,2.64
299,Ende,ID,2022-06-28 02:05:49,-8.8432,121.6623,80.67,77,86,4.52
300,Brenham,US,2022-06-28 02:05:49,30.1669,-96.3977,77.18,1,97,14.34
301,Krutinka,RU,2022-06-28 02:05:49,56.0055,71.5113,50.9,83,100,9.78
302,Mitu,CO,2022-06-28 02:05:50,1.1983,-70.1733,71.49,94,94,1.43
303,Alugan,PH,2022-06-28 02:05:50,12.2188,125.4808,81.18,85,100,9.6
304,Bintulu,MY,2022-06-28 02:05:51,3.1667,113.0333,83.01,75,74,3.15
305,Aykhal,RU,2022-06-28 02:02:42,66.0,111.5,50.0,47,96,14.2
306,Lapi,PH,2022-06-28 02:05:51,17.716,121.8978,84.69,75,100,5.37
307,Southwick,US,2022-06-28 02:05:52,42.0548,-72.7704,68.61,73,0,8.05
308,Rawson,AR,2022-06-28 02:05:52,-43.3002,-65.1023,47.19,60,100,13.06
309,Maicao,CO,2022-06-28 02:05:52,11.3832,-72.2432,79.79,78,81,7.74
310,Paamiut,GL,2022-06-28 02:03:48,61.994,-49.6678,41.11,82,76,1.52
311,Nioaque,BR,2022-06-28 02:05:53,-21.1353,-55.83,64.74,64,8,4.32
312,Narsaq,GL,2022-06-28 02:05:54,60.9167,-46.05,48.42,73,100,2.35
313,Manavalakurichi,IN,2022-06-28 02:05:54,8.1333,77.3,80.28,78,100,16.11
314,Kailua,US,2022-06-28 02:01:55,21.4022,-157.7394,83.14,70,100,7.0
315,Mocuba,MZ,2022-06-28 02:05:55,-16.8392,36.9856,60.4,99,83,3.53
316,Juneau,US,2022-06-28 02:05:55,58.3019,-134.4197,78.8,100,20,10.36
317,Ozernovskiy,RU,2022-06-28 02:05:56,51.5,156.5167,50.65,88,85,5.99
318,Taoudenni,ML,2022-06-28 02:05:56,22.6783,-3.9836,97.74,9,0,12.62
319,Yala,TH,2022-06-28 02:05:56,6.3333,101.25,82.47,79,27,1.3
320,Iquique,CL,2022-06-28 02:02:29,-20.2208,-70.1431,61.3,73,81,4.79
321,Santa Isabel Do Rio Negro,BR,2022-06-28 02:05:57,-0.4139,-65.0192,71.85,99,100,2.33
322,Maniitsoq,GL,2022-06-28 02:05:57,65.4167,-52.9,41.58,91,100,13.47
323,Piripiri,BR,2022-06-28 02:05:58,-4.2733,-41.7769,77.95,71,100,2.82
324,Hervey Bay,AU,2022-06-28 02:05:58,-25.2986,152.8535,64.27,69,94,20.98
325,Mana,GF,2022-06-28 02:05:59,5.6592,-53.7767,76.53,90,100,3.56
326,Rivera,UY,2022-06-28 02:05:59,-30.9053,-55.5508,56.14,98,100,3.67
327,Nara,JP,2022-06-28 02:06:59,34.6851,135.8049,93.96,42,33,7.9
328,Port Hardy,CA,2022-06-28 02:07:00,50.6996,-127.4199,63.95,86,100,8.19
329,Sao Francisco,BR,2022-06-28 02:07:00,-15.9486,-44.8644,64.53,58,0,6.98
330,Lengshuitan,CN,2022-06-28 02:07:01,26.4111,111.5956,86.68,65,100,10.96
331,Teeli,RU,2022-06-28 02:07:01,51.0333,90.2333,74.59,46,100,2.13
332,Aksarka,RU,2022-06-28 02:07:02,66.5606,67.7975,43.12,79,100,27.56
333,Horta,PT,2022-06-28 02:07:02,38.5333,-28.6333,64.2,83,55,8.57
334,Abha,SA,2022-06-28 02:07:03,18.2164,42.5053,68.25,23,89,0.0
335,Kruisfontein,ZA,2022-06-28 02:07:03,-34.0033,24.7314,54.09,45,0,6.76
336,Palmer,US,2022-06-28 02:07:04,42.1584,-72.3287,68.61,77,75,6.91
337,Carutapera,BR,2022-06-28 02:07:04,-1.195,-46.02,76.64,89,97,6.33
338,Komsomolskiy,UZ,2022-06-28 02:07:05,40.4272,71.7189,84.92,32,0,6.91
339,Choa Saidan Shah,PK,2022-06-28 02:07:05,32.7201,72.9849,92.52,24,6,3.51
340,Nome,US,2022-06-28 02:07:06,64.5011,-165.4064,49.15,93,100,8.05
341,Argenta,IT,2022-06-28 02:07:06,44.6124,11.8356,75.02,84,0,2.77
342,Tambun,ID,2022-06-28 02:07:07,-6.2641,107.0712,82.29,66,100,3.33
343,La Orilla,MX,2022-06-28 02:07:07,17.9833,-102.2333,79.7,88,55,6.96
344,Paita,PE,2022-06-28 02:07:08,-5.0892,-81.1144,63.72,85,0,14.09
345,Porto Santo,PT,2022-06-28 02:07:09,33.072,-16.3415,64.78,68,20,12.66
346,Chapais,CA,2022-06-28 02:07:09,49.7834,-74.8492,50.5,53,7,10.0
347,Bonthe,SL,2022-06-28 02:07:09,7.5264,-12.505,77.58,86,76,5.48
348,Tual,ID,2022-06-28 02:07:10,-5.6667,132.75,80.78,79,41,9.64
349,Laela,TZ,2022-06-28 02:07:10,-8.5667,32.05,50.49,84,0,8.7
350,Asau,RO,2022-06-28 02:07:11,46.4333,26.4,65.95,100,99,4.59
351,Boyuibe,BO,2022-06-28 02:07:11,-20.4167,-63.2833,58.96,78,15,1.97
352,Sorong,ID,2022-06-28 02:07:12,-0.8833,131.25,83.08,71,69,3.51
353,Marrakesh,MA,2022-06-28 02:07:13,31.6315,-8.0083,64.47,63,0,6.91
354,Nouakchott,MR,2022-06-28 02:07:08,18.0858,-15.9785,80.53,59,6,15.88
355,Jieshi,CN,2022-06-28 02:02:32,22.8134,115.8257,84.18,76,100,0.89
356,Kyle,US,2022-06-28 02:07:14,29.9984,-97.8715,72.88,96,100,11.86
357,Aswan,EG,2022-06-28 02:07:15,24.0934,32.907,85.26,24,0,10.31
358,Cherskiy,RU,2022-06-28 02:07:15,68.75,161.3,47.39,67,100,9.93
359,Ambon,ID,2022-06-28 02:07:15,-3.6954,128.1814,82.54,83,40,4.61
360,Cayenne,GF,2022-06-28 02:07:16,4.9333,-52.3333,77.09,1,20,0.0
361,Saint-Pierre,RE,2022-06-28 02:07:16,-21.3393,55.4781,67.91,72,100,8.05
362,Pierre,US,2022-06-28 02:07:17,44.3683,-100.351,83.86,44,75,8.05
363,Khani,GE,2022-06-28 02:07:17,41.9563,42.9566,54.97,91,12,3.8
364,Darhan,MN,2022-06-28 02:07:18,49.4867,105.9228,79.79,39,1,7.81
365,Spring Hill,US,2022-06-28 02:07:00,28.4769,-82.5255,83.07,84,0,4.61
366,Habiganj,BD,2022-06-28 02:07:18,24.3833,91.4167,81.64,85,100,8.7
367,Behbahan,IR,2022-06-28 02:07:19,30.5959,50.2417,84.45,17,0,2.57
368,Rudbar,AF,2022-06-28 02:07:19,30.15,62.6,89.26,15,0,5.26
369,Meteti,PA,2022-06-28 02:07:20,8.4983,-77.9786,72.73,99,100,1.43
370,Sao Joao Da Barra,BR,2022-06-28 02:07:20,-21.6403,-41.0511,65.52,67,23,5.35
371,Vikhorevka,RU,2022-06-28 02:07:21,56.1201,101.1636,76.59,45,57,6.29
372,Gainesville,US,2022-06-28 02:07:11,29.6516,-82.3248,81.09,81,0,0.0
373,Cockburn Town,TC,2022-06-28 02:07:21,21.4612,-71.1419,82.71,73,100,21.16
374,Tarrafal,CV,2022-06-28 02:08:22,15.2833,-23.7667,74.19,85,58,13.44
375,Vestmannaeyjar,IS,2022-06-28 02:08:22,63.4427,-20.2734,49.87,90,100,8.93
376,Yar-Sale,RU,2022-06-28 02:08:23,66.8333,70.8333,50.58,56,100,26.73
377,Dzhebariki-Khaya,RU,2022-06-28 02:08:23,62.2167,135.8,75.31,59,98,11.34
378,Clarence Town,AU,2022-06-28 02:08:23,-32.5833,151.7833,56.86,78,100,4.34
379,Aguimes,ES,2022-06-28 02:08:24,27.9054,-15.4461,66.83,73,75,24.16
380,Tautira,PF,2022-06-28 02:08:24,-17.7333,-149.15,79.23,73,26,15.21
381,Caravelas,BR,2022-06-28 02:08:25,-17.7125,-39.2481,68.23,70,8,7.92
382,Mpulungu,ZM,2022-06-28 02:08:25,-8.7623,31.1141,63.23,68,0,13.11
383,Hede,CN,2022-06-28 02:08:25,33.7681,120.2517,86.72,69,100,12.24
384,Leningradskiy,RU,2022-06-28 02:03:55,69.3833,178.4167,45.43,63,12,11.61
385,Broome,US,2022-06-28 02:08:26,42.2506,-75.833,61.68,78,40,5.75
386,Nyuksenitsa,RU,2022-06-28 02:08:26,60.4128,44.2397,44.6,73,6,6.4
387,Severo-Yeniseyskiy,RU,2022-06-28 02:08:27,60.3725,93.0408,58.32,96,100,9.57
388,Chegdomyn,RU,2022-06-28 02:08:27,51.1167,133.0167,71.2,68,100,2.51
389,Rodrigues Alves,BR,2022-06-28 02:08:28,-7.738,-72.6509,72.64,70,4,1.59
390,Inuvik,CA,2022-06-28 02:08:28,68.3499,-133.7218,76.59,36,100,7.92
391,Isangel,VU,2022-06-28 02:08:28,-19.55,169.2667,80.19,67,9,9.04
392,Sarangani,PH,2022-06-28 02:08:29,5.4033,125.4636,82.62,75,99,4.97
393,Trelew,AR,2022-06-28 02:08:29,-43.249,-65.3051,46.71,60,100,13.18
394,Moerai,PF,2022-06-28 02:08:30,-22.4333,-151.3333,73.76,76,100,26.98
395,Yerbogachen,RU,2022-06-28 02:08:30,61.2767,108.0108,74.25,59,52,10.63
396,Thunder Bay,CA,2022-06-28 02:08:30,48.4001,-89.3168,54.39,84,68,4.99
397,Cabedelo,BR,2022-06-28 02:04:49,-6.9811,-34.8339,72.27,87,88,15.97
398,Sao Jose Dos Pinhais,BR,2022-06-28 02:08:31,-25.5347,-49.2064,54.84,89,75,3.44
399,Haines Junction,CA,2022-06-28 02:08:31,60.7522,-137.5108,76.23,33,100,5.66
400,Hyeres,FR,2022-06-28 02:08:32,43.1167,6.1167,76.73,75,0,6.91
401,Tabou,CI,2022-06-28 02:08:32,4.423,-7.3528,77.32,83,100,8.57
402,Paducah,US,2022-06-28 02:08:33,37.0834,-88.6001,72.19,70,0,4.61
403,Nantucket,US,2022-06-28 02:08:33,41.2835,-70.0995,71.65,90,100,11.5
404,Sola,VU,2022-06-28 02:08:34,-13.8833,167.55,80.6,80,60,18.84
405,Roald,NO,2022-06-28 02:08:34,62.5833,6.1333,59.16,94,100,4.61
406,Bowen,AU,2022-06-28 02:08:34,-20.0167,148.2333,68.04,57,52,17.58
407,Cairns,AU,2022-06-28 02:07:00,-16.9167,145.7667,75.07,79,100,16.11
408,Mattru,SL,2022-06-28 02:08:35,7.6244,-11.8332,73.54,98,71,1.16
409,Roma,US,2022-06-28 02:08:35,43.2128,-75.4557,64.54,66,100,5.75
410,Myitkyina,MM,2022-06-28 02:08:36,25.3833,97.4,74.23,99,100,1.21
411,Miragoane,HT,2022-06-28 02:08:36,18.4423,-73.0876,81.41,74,75,3.13
412,Sinegorye,RU,2022-06-28 02:08:36,62.0788,150.477,80.22,29,6,12.86
413,Senanga,ZM,2022-06-28 02:08:37,-16.1167,23.2667,48.33,79,1,5.14
414,Floresti,MD,2022-06-28 02:08:37,47.8933,28.3014,64.85,72,72,5.06
415,Baracoa,CU,2022-06-28 02:08:38,20.3467,-74.4958,78.1,85,100,2.59
416,Lawrence,US,2022-06-28 02:08:38,38.9717,-95.2353,75.94,54,0,4.61
417,Wagar,SD,2022-06-28 02:08:38,16.1525,36.2032,81.07,59,42,12.88
418,Kovdor,RU,2022-06-28 02:08:39,67.5662,30.4758,50.63,68,3,4.81
419,Juigalpa,NI,2022-06-28 02:08:43,12.1063,-85.3645,74.25,92,4,6.87
420,Am Timan,TD,2022-06-28 02:09:44,11.0297,20.2827,73.9,80,100,5.5
421,Simpang,ID,2022-06-28 02:09:44,-1.2667,104.0833,81.19,81,97,3.91
422,Ponta Do Sol,PT,2022-06-28 02:09:45,32.6667,-17.1,67.01,66,7,6.93
423,Alpinopolis,BR,2022-06-28 02:09:45,-20.8636,-46.3881,57.33,80,9,3.58
424,Iracoubo,GF,2022-06-28 02:09:45,5.4802,-53.2011,75.38,93,100,7.78
425,Gao,ML,2022-06-28 02:09:46,16.6362,1.637,92.73,31,76,9.86
426,Vodnyy,RU,2022-06-28 02:09:46,63.5046,53.4095,39.34,76,100,12.46
427,Nedjo,ET,2022-06-28 02:09:47,9.5046,35.5019,56.71,98,100,0.89
428,Rio Gallegos,AR,2022-06-28 02:06:09,-51.6226,-69.2181,41.05,70,0,18.41
429,Miyako,JP,2022-06-28 02:09:47,39.6367,141.9525,71.15,97,100,4.27
430,Tibati,CM,2022-06-28 02:09:48,6.4667,12.6333,64.6,98,100,0.83
431,Saltillo,MX,2022-06-28 02:04:58,25.4167,-101.0,74.28,45,40,17.27
432,Kudat,MY,2022-06-28 02:09:48,6.8837,116.8477,83.75,73,99,11.07
433,Konstanz,DE,2022-06-28 02:09:48,47.6603,9.1758,62.55,96,100,4.0
434,Jiaohe,CN,2022-06-28 02:09:49,43.7286,127.3447,67.21,98,100,1.95
435,Polyarnyy,RU,2022-06-28 02:09:49,69.1989,33.4478,50.0,72,0,8.77
436,Yining,CN,2022-06-28 02:09:50,29.0361,114.5636,76.12,99,100,2.59
437,Vangaindrano,MG,2022-06-28 02:09:50,-23.35,47.6,63.25,69,67,9.6
438,Oranjestad,AW,2022-06-28 02:09:51,12.524,-70.027,82.35,78,20,14.97
439,Klaksvik,FO,2022-06-28 02:09:51,62.2266,-6.589,50.92,92,97,16.73
440,Playa Del Carmen,MX,2022-06-28 02:07:55,20.6274,-87.0799,82.42,80,40,0.0
441,Soe,ID,2022-06-28 02:09:52,-9.8607,124.284,73.15,66,99,9.95
442,Vanimo,PG,2022-06-28 02:09:52,-2.6741,141.3028,83.53,66,100,6.53
443,Abis,PH,2022-06-28 02:09:53,9.7173,122.9438,79.81,81,100,4.09
444,Inhambane,MZ,2022-06-28 02:09:53,-23.865,35.3833,67.62,69,100,14.92
445,Khuzhir,RU,2022-06-28 02:09:53,53.1939,107.3397,51.96,85,12,9.06
446,Hamilton,US,2022-06-28 02:09:54,39.1834,-84.5333,70.43,58,2,6.17
447,San Cristobal,VE,2022-06-28 02:09:54,7.7669,-72.225,66.38,96,50,1.97
448,Mamu Kanjan,PK,2022-06-28 02:09:55,30.8333,72.8,99.97,27,7,6.76
449,Launceston,AU,2022-06-28 02:09:55,-41.45,147.1667,53.62,83,75,16.11
450,Tshikapa,CD,2022-06-28 02:09:55,-6.4167,20.8,65.89,42,9,3.04
451,Bilma,NE,2022-06-28 02:09:56,18.6853,12.9164,89.94,13,0,6.4
452,Torbay,CA,2022-06-28 02:05:36,47.6666,-52.7314,66.76,93,100,13.8
453,Manokwari,ID,2022-06-28 02:09:56,-0.8667,134.0833,79.03,81,100,7.02
454,Mazagao,BR,2022-06-28 02:09:57,-0.115,-51.2894,78.85,85,39,2.71
455,Redlands,US,2022-06-28 02:09:57,34.0556,-117.1825,97.3,23,0,9.22
456,Monte Alegre,BR,2022-06-28 02:09:58,-2.0078,-54.0692,77.72,80,99,1.28
457,Lumeje,AO,2022-06-28 02:09:58,-11.55,20.7833,52.7,55,3,7.78
458,Qingdao,CN,2022-06-28 02:09:58,36.0986,120.3719,73.76,98,100,6.96
459,Cumberland,US,2022-06-28 02:09:59,35.0502,-78.8664,77.18,88,75,3.44
460,Beshpagir,RU,2022-06-28 02:09:59,45.0217,42.3808,62.02,86,100,4.94
461,Demidov,RU,2022-06-28 02:10:00,55.2706,31.515,66.16,84,52,3.78
462,Margate,GB,2022-06-28 02:10:04,51.3813,1.3862,53.69,86,1,1.99
463,Tungor,RU,2022-06-28 02:10:05,53.3808,142.9564,56.26,76,5,13.04
464,Kozhanka,UA,2022-06-28 02:10:07,49.9793,29.7381,63.79,83,17,4.27
465,Clyde River,CA,2022-06-28 02:10:08,70.4692,-68.5914,34.03,93,100,10.36
466,Queenstown,ZA,2022-06-28 02:10:08,-31.8976,26.8753,42.4,54,0,3.67
467,Marang,MY,2022-06-28 02:11:09,5.2056,103.2059,83.8,71,11,2.08
468,Kanungu,UG,2022-06-28 02:11:09,-0.9575,29.7897,58.17,76,95,4.0
469,Takoradi,GH,2022-06-28 02:11:10,4.8845,-1.7554,75.79,92,100,6.42
470,Bhandara,IN,2022-06-28 02:11:10,21.1667,79.65,82.36,74,99,8.21
471,Sydney,AU,2022-06-28 02:08:11,-33.8679,151.2073,61.77,70,75,18.41
472,Markala,ML,2022-06-28 02:11:11,13.7021,-6.0659,89.11,44,83,11.07
473,Slantsy,RU,2022-06-28 02:11:11,59.1182,28.0914,69.84,71,98,4.29
474,Portree,GB,2022-06-28 02:11:11,57.4129,-6.1942,52.52,92,100,10.94
475,Omis,HR,2022-06-28 02:11:12,43.4447,16.6886,75.13,63,2,6.24
476,Zhezkazgan,KZ,2022-06-28 02:11:12,47.8043,67.7144,66.18,39,0,13.42
477,Amalapuram,IN,2022-06-28 02:11:13,16.5833,82.0167,80.19,81,100,6.46
478,Yoshida,JP,2022-06-28 02:11:13,37.6833,138.8833,89.85,68,96,3.8
479,Port Moresby,PG,2022-06-28 02:11:14,-9.4431,147.1797,83.43,69,96,4.03
480,Brewster,US,2022-06-28 02:11:14,41.3973,-73.6171,70.14,88,86,3.67
481,Manakara,MG,2022-06-28 02:11:15,-22.1333,48.0167,65.88,74,100,9.6
482,Slave Lake,CA,2022-06-28 02:11:15,55.2834,-114.769,59.23,65,43,3.02
483,Tamboril,DO,2022-06-28 02:11:16,19.4854,-70.611,77.77,89,75,5.75
484,Alofi,NU,2022-06-28 02:11:16,-19.0595,-169.9187,78.87,81,11,11.7
485,Zaozerne,UA,2022-06-28 02:11:17,45.1582,33.2787,67.59,81,98,18.59
486,Dillon,US,2022-06-28 02:11:18,34.4166,-79.3712,80.11,69,98,2.01
487,Dwarka,IN,2022-06-28 02:11:18,22.2394,68.9678,84.2,77,76,16.98
488,Rijkevorsel,BE,2022-06-28 02:11:19,51.3504,4.7624,55.9,94,37,1.01
489,Vostok,RU,2022-06-28 02:11:19,46.4856,135.8833,68.4,58,100,3.15
490,Ligayan,PH,2022-06-28 02:11:19,4.6533,119.4706,84.69,69,33,6.58
491,Fuyang,CN,2022-06-28 02:11:20,32.9,115.8167,86.95,64,20,12.24
492,Kamina,CD,2022-06-28 02:11:20,-8.7386,24.9906,58.73,55,0,9.33
493,Porlamar,VE,2022-06-28 02:11:21,10.958,-63.8491,77.79,88,100,12.64
494,Charters Towers,AU,2022-06-28 02:11:21,-20.1,146.2667,67.03,38,36,11.14
495,Barcelos,PT,2022-06-28 02:11:21,41.5388,-8.6151,58.84,89,0,3.85
496,Wenling,CN,2022-06-28 02:11:22,28.3669,121.36,81.59,85,100,13.02
497,Nizhnevartovsk,RU,2022-06-28 02:11:22,60.9344,76.5531,50.02,100,100,11.18
498,Yelizovo,RU,2022-06-28 02:11:23,53.1873,158.3805,66.34,59,20,15.66
499,Freeport,US,2022-06-28 02:11:23,40.6576,-73.5832,73.36,84,0,8.05
500,Barbosa Ferraz,BR,2022-06-28 02:11:23,-24.03,-52.0117,57.33,94,99,3.15
501,Znin,PL,2022-06-28 02:11:24,52.8496,17.7199,75.04,84,98,6.8
502,Barkot,IN,2022-06-28 02:11:24,30.8167,78.2,76.93,82,44,2.62
503,Kinna,SE,2022-06-28 02:11:25,57.5073,12.6946,63.03,99,100,2.93
504,Hami,CN,2022-06-28 02:11:25,42.8,93.45,94.8,12,96,4.16
505,Iralaya,HN,2022-06-28 02:11:26,15.0,-83.2333,78.73,81,4,7.05
506,General Pico,AR,2022-06-28 02:11:26,-35.6566,-63.7568,50.18,60,100,4.92
507,Halifax,CA,2022-06-28 02:11:26,44.6453,-63.5724,66.09,96,100,11.99
508,Znamenskoye,RU,2022-06-28 02:11:27,57.1281,73.8282,52.61,77,79,8.34
509,Uray,RU,2022-06-28 02:11:27,60.1247,64.7758,45.93,76,100,8.66
510,Guanare,VE,2022-06-28 02:11:28,9.0418,-69.7421,72.0,95,92,1.39
511,Araci,BR,2022-06-28 02:11:28,-11.3333,-38.9667,65.37,94,22,8.12
512,Half Moon Bay,US,2022-06-28 02:11:29,37.4636,-122.4286,83.88,76,100,25.32
513,Barranco,PA,2022-06-28 02:11:29,9.5167,-82.7,73.04,92,100,3.53
514,Tessalit,ML,2022-06-28 02:12:30,20.1986,1.0114,92.62,23,43,4.65
515,Port Lincoln,AU,2022-06-28 02:12:30,-34.7333,135.8667,57.97,56,1,16.33
516,Kinablangan,PH,2022-06-28 02:12:30,7.6947,126.5503,83.48,73,99,2.26
517,Provideniya,RU,2022-06-28 02:12:18,64.3833,-173.3,42.91,100,100,8.95
518,Tynda,RU,2022-06-28 02:12:31,55.1667,124.7167,78.58,46,33,2.1
519,Geretsried,DE,2022-06-28 02:12:31,47.8578,11.4805,61.65,78,100,1.43
520,Nyurba,RU,2022-06-28 02:12:32,63.2842,118.3319,58.06,49,100,3.18
521,Inyonga,TZ,2022-06-28 02:12:32,-6.7167,32.0667,54.05,73,89,5.32
522,Rosarito,MX,2022-06-28 02:12:33,32.3333,-117.0333,87.24,62,15,7.25
523,Jining,CN,2022-06-28 02:12:33,35.405,116.5814,85.91,63,5,7.18
524,Thio,NC,2022-06-28 02:12:34,-21.6167,166.2167,80.56,78,100,2.35
525,Alamogordo,US,2022-06-28 02:12:34,32.8995,-105.9603,81.41,54,75,18.41
526,Skibbereen,IE,2022-06-28 02:12:34,51.55,-9.2667,56.1,97,100,24.79
527,Novyy Urgal,RU,2022-06-28 02:12:35,51.0736,132.5642,70.47,75,100,3.53
528,Lekoni,GA,2022-06-28 02:12:35,-1.5843,14.2591,72.01,87,14,5.84
529,Floro,NO,2022-06-28 02:12:36,61.5996,5.0328,57.24,94,100,10.36
530,Temirtau,KZ,2022-06-28 02:12:36,50.0544,72.9483,59.09,52,0,3.89
531,Namibe,AO,2022-06-28 02:12:36,-15.1961,12.1522,65.66,67,0,4.9
532,Kristiinankaupunki,FI,2022-06-28 02:12:37,62.2743,21.376,63.14,79,0,5.77
533,Isagarh,IN,2022-06-28 02:12:37,24.8333,77.8833,85.59,65,88,11.72
534,Kunzell,DE,2022-06-28 02:12:38,50.5442,9.7179,56.53,82,18,0.76
535,Vilcun,CL,2022-06-28 02:10:36,-38.65,-72.2333,47.14,95,99,6.82
536,Mount Gambier,AU,2022-06-28 02:08:39,-37.8333,140.7667,52.23,57,99,10.22
537,Stepnogorsk,KZ,2022-06-28 02:12:38,52.3544,71.8869,55.76,57,100,8.66
538,Abbeyfeale,IE,2022-06-28 02:12:39,52.3814,-9.3025,56.59,95,100,11.36
539,Nagato,JP,2022-06-28 02:12:39,34.3833,131.2,84.49,64,61,14.16
540,Ayna,PE,2022-06-28 02:12:39,-12.65,-73.9167,57.33,73,1,3.33
541,Anuradhapura,LK,2022-06-28 02:12:40,8.3565,80.4173,80.67,74,100,13.02
542,Angoche,MZ,2022-06-28 02:12:40,-16.2325,39.9086,71.69,72,2,10.38
543,Ati,TD,2022-06-28 02:12:41,13.2154,18.3353,82.08,55,96,16.62
544,Lavrentiya,RU,2022-06-28 02:12:41,65.5833,-171.0,45.23,90,100,12.57
545,Bacungan,PH,2022-06-28 02:12:41,9.9106,118.7022,81.03,81,99,5.53
546,Kamenka,RU,2022-06-28 02:12:42,51.3223,42.7678,63.39,90,18,6.76
547,Emerald,AU,2022-06-28 02:12:42,-23.5333,148.1667,63.34,44,34,13.69
548,Biala Podlaska,PL,2022-06-28 02:12:43,52.0324,23.1165,65.61,83,100,6.53
549,Japura,ID,2022-06-28 02:12:43,-0.3167,102.35,82.4,77,82,2.66
550,Chunoyar,RU,2022-06-28 02:12:43,57.4467,97.3217,72.5,75,92,9.22
551,Inirida,CO,2022-06-28 02:12:44,3.8653,-67.9239,72.61,97,100,1.95
552,Anadyr,RU,2022-06-28 02:12:44,64.75,177.4833,55.9,76,0,8.95
553,Richards Bay,ZA,2022-06-28 02:12:45,-28.783,32.0377,58.35,81,14,4.12
554,Ust-Ishim,RU,2022-06-28 02:12:45,57.6935,71.1665,48.13,92,100,3.36
555,Nanhai,CN,2022-06-28 02:12:45,30.1282,111.7784,86.77,73,1,3.91
556,Baker City,US,2022-06-28 02:12:46,44.7749,-117.8344,89.31,37,0,5.75
557,Norrkoping,SE,2022-06-28 02:12:46,58.5942,16.1826,68.43,88,94,5.75
558,Fuxin,CN,2022-06-28 02:12:46,42.0156,121.6589,68.25,86,100,15.01
559,Namatanai,PG,2022-06-28 02:12:47,-3.6667,152.4333,85.26,62,91,5.82
560,Vaitape,PF,2022-06-28 02:13:47,-16.5167,-151.75,80.2,69,0,18.72
561,Ahipara,NZ,2022-06-28 02:13:48,-35.1667,173.1667,60.28,79,100,9.24
562,Shellbrook,CA,2022-06-28 02:13:48,53.2168,-106.4011,57.36,72,100,4.79
563,Kaeo,NZ,2022-06-28 02:13:49,-35.1,173.7833,59.32,93,100,7.11
564,Russell,US,2022-06-28 02:13:49,32.3502,-85.1999,79.88,78,75,5.75
565,Ayagoz,KZ,2022-06-28 02:13:49,47.9714,80.4392,65.01,45,5,12.15
566,Jabinyanah,TN,2022-06-28 02:13:50,35.035,10.9081,79.59,71,2,3.8
567,Bowmore,US,2022-06-28 02:13:50,34.9421,-79.3031,77.9,92,75,0.0
568,Burgdorf,DE,2022-06-28 02:13:51,52.4463,10.0064,62.94,90,75,10.36
569,Xiashi,CN,2022-06-28 02:13:51,30.5363,120.6864,89.62,67,100,12.73
570,Qasigiannguit,GL,2022-06-28 02:13:51,68.8193,-51.1922,44.85,81,65,1.01
571,Bhum,IN,2022-06-28 02:13:52,18.4667,75.6667,71.85,93,100,9.62
